<?xml version="1.0" encoding="UTF-8" standalone="yes"?>
<addon id="plugin.video.neo.tv" version="1.0.1" name="[B][COLOR yellow]NEO TV[/COLOR][/B]" provider-name="TAKE ONE">
<requires>
		<import addon="script.module.six" />
		<import addon="script.module.kodi-six" />
		<import addon="script.module.requests" optional="true"/>
		<import addon="script.module.websocket" version="0.50.0"  optional="true"/>
		<import addon="script.module.youtube.dl" optional="true"/>
		<import addon="plugin.video.youtube" optional="true" />
		<import addon="script.module.dateutil" optional="true" />
		<import addon="script.module.resolveurl" optional="true"/>
		<import addon="script.module.urlresolver" optional="true"/>
		<import addon="script.module.cloudscraper" optional="true"/>
		<import addon="script.module.inputstreamhelper" optional="true"/>
		<import addon="script.module.slproxy" optional="true"/>
	</requires>
  <extension point="xbmc.python.pluginsource" library="default.py">
    <provides>video</provides>
  </extension>
  <extension point="xbmc.addon.metadata">
    <summary lang="en">[COLOR white]ADDON [/COLOR][COLOR orange]NEO.TV[/COLOR]</summary>
    <description lang="en">[COLOR lime]ADDON oficial[/COLOR] [COLOR orange]NEO.TV[/COLOR] - Proibido reprodução total ou parcial sem prévia autorização [COLOR white]Addon [/COLOR][COLOR orange]NEO.TV[/COLOR] é de uso gratuito!!</description>
    <news>

</news>
    <platform>all</platform>
	<assets>
	<icon>icon.png</icon>
    <fanart>fanart.jpg</fanart>
    <screenshot>resources/screenshots/1.jpg</screenshot>
    <screenshot>resources/screenshots/2.jpg</screenshot>
    <screenshot>resources/screenshots/3.jpg</screenshot>
</assets>
  </extension>
</addon>
