<?xml version="1.0" encoding="UTF-8" standalone="yes"?>
<addon id="plugin.video.OmegaPlay" name="[B]Omega Play[/B]" version="1.0.0" provider-name="[B][COLOR mediumslateblue]Omega[/COLOR][COLOR yellow]Play[/B][/COLOR]"> 
<requires>
    <import addon="xbmc.python" version="3.0.0"/>
    <import addon="script.module.requests"/>
    <import addon="script.module.simplejson"/>
	<import addon="script.module.kodi-six" />
</requires>  
<extension point="xbmc.python.pluginsource" library="default.py">
	<provides>video</provides>
</extension>   
<extension point="xbmc.addon.metadata">
	<summary lang="en">[COLOR mediumslateblue]Omega[/COLOR][COLOR yellow]Play[/COLOR]</summary>
	<summary lang="pt">[COLOR mediumslateblue]Omega[/COLOR][COLOR yellow]Play[/COLOR]</summary>
	<description lang="pt">[COLOR lime]Obrigado por usar este addon
Não temos fins lucrativo mas para mantermos o Addon funcionando sua doação é importante seja qualquer valor para compensarmos nosso trabalho[/COLOR]</description>
    <disclaimer lang="pt">[COLOR lime]Obrigado por usar este addon
Não temos fins lucrativo mas para mantermos o Addon funcionando sua doação é importante seja qualquer valor para compensarmos nosso trabalho[/COLOR]</disclaimer>
    <platform>all</platform>
	<assets>
       <icon>icon.png</icon>
       <fanart>fanart.jpg</fanart>
    </assets>
	<news>
v1.0.0.matrix.1
- Addon
	</news>
</extension>
</addon>