<?xml version="1.0" encoding="UTF-8" standalone="yes"?>
<addon id="plugin.video.Live.Streaming" name="[B][COLOR mediumslateblue]Live Streaming[/B][/COLOR]" version="3.1.3" provider-name="[B][COLOR mediumslateblue]TakeOne Team[/B][/COLOR]">
     <requires   
        <import addon="script.module.requests" version="2.27.1"/>
    </requires>
  <extension point="xbmc.python.pluginsource"
			library="default.py">
		<provides>video</provides>
  </extension>
  <extension point="xbmc.addon.metadata">
	<summary lang="en">[COLOR mediumslateblue]Um complemento de IPTV escrito para funcionar com XC e XCUI para Kodi [/COLOR] </summary>
	<language>en</language>
	<description lang="en">[COLOR white]ADDON oficial TakeOne Team[/COLOR]</description>
	<platform>all</platform>
	<assets>
		<icon>icon.png</icon>
		<fanart>fanart.jpg</fanart>
	</assets>
  </extension>
</addon>