<?xml version="1.0" encoding="UTF-8"?>
<addon
	id="plugin.video.TakeOneMac" version="1.50" name="[COLOR white]Take One Mac[/COLOR]" provider-name="Take One Team">
<requires>
		<import addon="script.module.resolveurl"/>
		<import addon="script.module.requests"/>
		<import addon="script.module.six"/>
  </requires>
	<extension point="xbmc.python.pluginsource" library="default.py">
		<provides>video</provides>
	</extension>
	
	<extension point="xbmc.addon.metadata">
		<platform>all</platform>
		<summary lang="es">Complemento pessoal para IPTV</summary>
		<description lang="es">Este complemento fornece IPTV apenas para uso pessoal e privado</description>
		<website>https://github.com/</website>
		<license>GPL 3.0</license>
		<platform>all</platform>
		<disclaimer lang="es">O autor deste addon não se responsabiliza pelo uso dele</disclaimer>
	<assets>
		<icon>icon.png</icon>  
		<fanart>fanart.jpg</fanart>
		</assets>
		<language>en</language>
	</extension>
	
</addon>
