<?xml version="1.0" encoding="UTF-8" standalone="yes"?>
<addon id="plugin.video.TakeOne.TV" name="[B][COLOR orange]TakeOne.TV[/COLOR][/B]" version="3.0.0" provider-name="TEAM TakeOne">
	<requires>
		<import addon="script.module.six" />
		<import addon="script.module.kodi-six" />
		<import addon="script.module.requests-cache"/>
		<import addon="script.module.requests"/>
		<import addon="script.module.websocket" version="0.50.0"  optional="true"/>
		<import addon="script.module.youtube.dl" optional="true"/>
		<import addon="plugin.video.youtube" optional="true" />
		<import addon="script.module.dateutil" optional="true" />
		<import addon="script.module.resolveurl" optional="true"/>
		<import addon="script.module.urlresolver" optional="true"/>
		<import addon="script.module.cloudscraper" optional="true"/>
		<import addon="script.module.inputstreamhelper" optional="true"/>
		<import addon="script.module.slproxy" optional="true"/>
	</requires>
	<extension point="xbmc.python.pluginsource" library="default.py">
		<provides>video</provides>
	</extension>

	<extension point="xbmc.addon.metadata">
		<summary>[B][COLOR white]ADDON [/COLOR][COLOR orange]TakeOne.TV[/COLOR][/B]</summary>
		<description>[B][COLOR lime]ADDON oficial[/COLOR] [COLOR orange]TakeOne.TV[/COLOR][/B] - Proibido reprodução total ou parcial sem prévia autorização[/COLOR][/B]
[B][COLOR white]Addon [/COLOR][COLOR orange]TakeOne.TV[/COLOR][/B] é de uso gratuito!![/B][/COLOR]</description>
		<platform>all</platform>
		<assets>
			<icon>icon.png</icon>
			<fanart>fanart.jpg</fanart>
			<screenshot>resources/media/01.jpg</screenshot>
			<screenshot>resources/media/02.jpg</screenshot>
			<screenshot>resources/media/03.jpg</screenshot>
		</assets>
	</extension>
</addon>
