<?xml version="1.0" encoding="UTF-8" standalone="yes"?>
<addon id="store.repo.TakeOne" name="[B]Store TakeOne[/B]" version="1.0" provider-name="Joel">
	<requires>
        <import addon="script.module.simplejson" />
        <import addon="script.module.six" />
        <import addon="script.module.kodi-six" />
		<import addon="script.module.requests"/>
		<import addon="script.module.beautifulsoup4"/>		
	</requires>
	<extension point="xbmc.python.pluginsource" library="default.py">
		<provides>executable</provides>
	</extension>
	<extension point="xbmc.addon.repository" name="[B]Store TakeOne[/B]">
			
	</extension>
	<extension point="xbmc.addon.metadata">
		<summary lang="en">Store TakeOne("Joel, quero agradecer profundamente por todo o trabalho que você fez na construção desta base. Seu esforço e dedicação foram fundamentais para tornar este projeto uma realidade. Sua habilidade e comprometimento são verdadeiramente admiráveis. Mais uma vez, muito obrigado por tudo que você fez.")</summary>
		<description lang="en">Addon Store TakeOne a versão permite instalar addons com Suporte ao Kodi 19/20/21</description>
		<platform>all</platform>
		<assets>
			<icon>icon.png</icon>
			<fanart>fanart.jpg</fanart>
		</assets>
	</extension>
</addon>