<?xml version='1.0' encoding='utf-8'?>
<addon id="plugin.video.jellyfin" name="[B][COLOR white]Jellyfin[/COLOR] +[COLOR blue] TakeOne[/COLOR][/B]" version="1.0.4+py3" provider-name="Jellyfin Contributors, angelblue05">
  <requires>
    <import addon="xbmc.python" version="3.0.0" />
    <import addon="script.module.requests" version="2.22.0+matrix.1" />
    <import addon="script.module.dateutil" version="2.8.1+matrix.1" />
    <import addon="script.module.addon.signals" version="0.0.5+matrix.1" />
    <import addon="script.module.websocket" version="1.6.4" />
  </requires>
  <extension point="xbmc.python.pluginsource" library="default.py">
    <provides>video audio image</provides>
  </extension>
  <extension point="xbmc.service" library="service.py" start="login">
	</extension>
  <extension point="kodi.context.item">
    <menu id="kodi.core.main">
      <item library="context.py">
        <label>30401</label>
        <visible>[!String.IsEmpty(ListItem.DBID) + !String.IsEqual(ListItem.DBID,-1) |
					!String.IsEmpty(ListItem.Property(jellyfinid))] +
					!String.IsEmpty(Window(10000).Property(jellyfin_context))</visible>
      </item>
      <item library="context_play.py">
        <label>30402</label>
        <visible>[[!String.IsEmpty(ListItem.DBID) + !String.IsEqual(ListItem.DBID,-1) |
					!String.IsEmpty(ListItem.Property(jellyfinid))] + [String.IsEqual(ListItem.DBTYPE,movie) |
					String.IsEqual(ListItem.DBTYPE,episode)]] +
					!String.IsEmpty(Window(10000).Property(jellyfin_context_transcode))</visible>
      </item>
    </menu>
  </extension>
  <extension point="xbmc.addon.metadata">
    <platform>all</platform>
    <language>en</language>
    <license>GNU GENERAL PUBLIC LICENSE. Version 3, 29 June 2007</license>
    <forum>https://forum.jellyfin.org</forum>
    <website>https://jellyfin.org/</website>
    <source>https://github.com/jellyfin/jellyfin-kodi</source>
    <summary lang="en" />
    <description lang="en">Welcome to Jellyfin for Kodi!
A whole new way to manage and view your
			media library. The Jellyfin addon for Kodi combines the best of Kodi - ultra smooth
			navigation, beautiful UIs and playback of any file under the sun, and Jellyfin - the most
			powerful fully open source multi-client media metadata indexer and server.

Jellyfin
			for Kodi is the absolute best way to enjoy the incredible Kodi playback engine combined with
			the power of Jellyfin's centralized database. Features:
* Direct integration with the Kodi
			library for native Kodi speed
* Instant synchronization with the Jellyfin server
*
			Full support for Movie, TV and Music collections
* Jellyfin Server direct stream and
			transcoding support - use Kodi when you are away from home!</description>
    <news>v1.0.4 (2024-06-23):
Bug Fixes
---------
+ Clear playlist if clear flag is set (UpNext) (#871) @CeruleanRed

Code or Repo Maintenance
------------------------
+ Update devcontainer and vscode config (#881) @oddstr13
+ Remove dependency on six (#880) @oddstr13
+ Enable flake8 pre-commit (#879) @oddstr13
+ Editorconfig pre-commit and indentation adjustment (#878) @oddstr13
+ Fix sonarcloud lint (#877) @oddstr13
+ Run the black formatter (#869) @oddstr13
+ Add pre-commit config (#873) @oddstr13
+ Remove unused function compare_version (#874) @oddstr13

Dependency updates
-----------------------------
+ chore(deps): update dependency kodistubs to v21 (#850) @renovate

CI &amp; build changes
------------------
+ Update github/codeql-action action to v3.25.10 (#882) @renovate
+ Update actions/checkout action to v4.1.7 (#883) @renovate
+ Update codecov/codecov-action action to v4.5.0 (#884) @renovate
+ chore(deps): update actions/checkout action to v4 (#876) @renovate
+ Add black to CI, pre-commit and devcontainer (#875) @oddstr13
+ chore(deps): update actions/upload-artifact action to v4 (#823) @renovate
+ chore(deps): update burnett01/rsync-deployments action to v7 (#832) @renovate
+ chore(deps): update codecov/codecov-action action to v4.4.1 (#826) @renovate
+ chore(deps): update github/codeql-action action to v3.25.8 (#822) @renovate
+ chore(deps): update actions/setup-python action to v5.1.0 (#842) @renovate
+ chore(deps): update actions/checkout action to v4.1.6 (#857) @renovate
+ Add tool to run black on the whole project (#868) @oddstr13</news>
    <assets>
      <icon>resources/icon.png</icon>
      <fanart>resources/fanart.png</fanart>
    </assets>
  </extension>
</addon>
