<?xml version="1.0" encoding="UTF-8" standalone="yes"?>
<addon id="plugin.program.TakeOne.Wizard" name="[COLOR dodgerblue]TakeOne[/COLOR] [COLOR lavender]Wizard[/COLOR]" version="4.0" provider-name="TakeOne">
    <requires>
        <import addon="xbmc.python" version="3.0.0" />
        <import addon="script.module.requests" />
        <import addon="script.module.six" />
        <import addon="script.kodi.android.update" optional="true" version="1.1.7" />
        <import addon="script.speedtester" optional="true" version="1.1.2" />
    </requires>
    
    <extension point="xbmc.python.pluginsource" library="default.py">
        <provides>executable</provides>
    </extension>
    
    <extension point="xbmc.service" library="startup.py" start="startup" />
    
    <extension point="xbmc.addon.metadata">
        <summary lang="en">[COLOR dodgerblue]TakeOne Wizard[/COLOR]</summary>
        <description lang="en">TakeOne Wizard é um instalador de Addons, Builds e manutenções para Kodi </description>
        <website>www.site.com</website>
		<platform>all</platform>
        <reuselanguageinvoker>false</reuselanguageinvoker>
        <source>https://www.github.com/a4k-openproject/plugin.program.openwizard/</source>
        <news>
fork openwizard
        </news>
        <assets>
            <icon>icon.png</icon>
            <fanart>fanart.png</fanart>
        </assets>
    </extension>
</addon>
