<?xml version='1.0' encoding='utf-8'?>
<addon id="plugin.video.jellyfin" name="Jellyfin" version="1.0.1+py3" provider-name="Jellyfin Contributors, angelblue05">
  <requires>
    <import addon="xbmc.python" version="3.0.0" />
    <import addon="script.module.requests" version="2.22.0+matrix.1" />
    <import addon="script.module.dateutil" version="2.8.1+matrix.1" />
    <import addon="script.module.six" version="1.14.0+matrix.2" />
    <import addon="script.module.kodi-six" version="0.1.3+1" />
    <import addon="script.module.addon.signals" version="0.0.5+matrix.1" />
    <import addon="script.module.websocket" version="1.6.4" />
  </requires>
  <extension point="xbmc.python.pluginsource" library="default.py">
    <provides>video audio image</provides>
  </extension>
  <extension point="xbmc.service" library="service.py" start="login">
  </extension>
  <extension point="kodi.context.item">
    <menu id="kodi.core.main">
      <item library="context.py">
        <label>30401</label>
        <visible>[!String.IsEmpty(ListItem.DBID) + !String.IsEqual(ListItem.DBID,-1) | !String.IsEmpty(ListItem.Property(jellyfinid))] + !String.IsEmpty(Window(10000).Property(jellyfin_context))</visible>
      </item>
      <item library="context_play.py">
        <label>30402</label>
        <visible>[[!String.IsEmpty(ListItem.DBID) + !String.IsEqual(ListItem.DBID,-1) | !String.IsEmpty(ListItem.Property(jellyfinid))] + [String.IsEqual(ListItem.DBTYPE,movie) | String.IsEqual(ListItem.DBTYPE,episode)]] + !String.IsEmpty(Window(10000).Property(jellyfin_context_transcode))</visible>
      </item>
    </menu>
  </extension>
  <extension point="xbmc.addon.metadata">
    <platform>all</platform>
    <language>en</language>
    <license>GNU GENERAL PUBLIC LICENSE. Version 3, 29 June 2007</license>
    <forum>https://forum.jellyfin.org</forum>
    <website>https://jellyfin.org/</website>
    <source>https://github.com/jellyfin/jellyfin-kodi</source>
    <summary lang="en" />
    <description lang="en">Welcome to Jellyfin for Kodi!
A whole new way to manage and view your media library. The Jellyfin addon for Kodi combines the best of Kodi - ultra smooth navigation, beautiful UIs and playback of any file under the sun, and Jellyfin - the most powerful fully open source multi-client media metadata indexer and server.

Jellyfin for Kodi is the absolute best way to enjoy the incredible Kodi playback engine combined with the power of Jellyfin's centralized database. Features:
* Direct integration with the Kodi library for native Kodi speed
* Instant synchronization with the Jellyfin server
* Full support for Movie, TV and Music collections
* Jellyfin Server direct stream and transcoding support - use Kodi when you are away from home!</description>
    <news>v1.0.1 (2024-03-29):
Bug Fixes
---------
+ Don't reset videoversiontype table (#843) @mcarlton00

CI &amp; build changes
------------------
+ Use sudo for kodirepo command (#841) @joshuaboniface</news>
    <assets>
      <icon>resources/icon.png</icon>
      <fanart>resources/fanart.png</fanart>
    </assets>
  </extension>
</addon>
