<?xml version="1.0" encoding="UTF-8" standalone="yes"?>
<addon id="plugin.video.SoFilmes" name="[B]Só Filmes[/B]" version="1.0.0" provider-name="[B][COLOR mediumslateblue]Só [/COLOR][COLOR yellow]Filmes[/B][/COLOR]"> 
<requires>
    <import addon="xbmc.python" version="3.0.0"/>
    <import addon="script.module.requests"/>
    <import addon="script.module.simplejson"/>
    <import addon="script.module.kodi-six"/>
    <import addon="script.module.resolveurl"/>
    <import addon="plugin.video.resolverurl_player"/>
</requires>  
<extension point="xbmc.python.pluginsource" library="default.py">
	<provides>video</provides>
</extension>   
<extension point="xbmc.addon.metadata">
	<summary lang="en">[COLOR mediumslateblue]Só[/COLOR][COLOR yellow]Filmes[/COLOR]</summary>
	<summary lang="pt">[COLOR mediumslateblue]Só[/COLOR][COLOR yellow]Filmes[/COLOR]</summary>
	<description lang="pt">[COLOR lime]Obrigado por usar este addon
Não temos fins lucrativo[/COLOR]</description>
    <disclaimer lang="pt">[COLOR lime]Addon Só Filmes é apenas um AGREGADOR de links e, assim como o Google.com, apenas agrega e organiza os links externos. Não somos responsáveis pelos arquivos aqui encontrados.[/COLOR]</disclaimer>
    <platform>all</platform>
	<assets>
       <icon>icon.png</icon>
       <fanart>fanart.jpg</fanart>
    </assets>
	<news>
v1.0.0.matrix.1
- Addon
	</news>
</extension>
</addon>