<?xml version="1.0" encoding="UTF-8" standalone="yes"?>
<addon id="plugin.program.store.TakeOne" name="[B]TakeOne REPO[/B]" version="1.0" provider-name="Joel">
	<requires>
        <import addon="script.module.simplejson" />
        <import addon="script.module.six" />
        <import addon="script.module.kodi-six" />
		<import addon="script.module.requests"/>
		<import addon="script.module.beautifulsoup4"/>		
	</requires>
	<extension point="xbmc.python.pluginsource" library="default.py">
		<provides>executable</provides>
	</extension>
	<extension point="xbmc.addon.repository" name="[B]TakeOne REPO[/B]">
		<dir>
    		<info compressed="false">https://github.com/Gujal00/smrzips/raw/master/addons.xml</info>
    		<checksum>https://github.com/Gujal00/smrzips/raw/master/addons.xml.md5</checksum>
    		<datadir zip="true">https://github.com/Gujal00/smrzips/raw/master/zips</datadir>
			<hashes>false</hashes>
		</dir>
		<dir>
    		<info compressed="false">https://raw.githubusercontent.com/TakeOne-Team/REPO-TakeOne/main/geral/addons.xml</info>
    		<checksum>https://raw.githubusercontent.com/TakeOne-Team/REPO-TakeOne/main/geral/addons.xml.md5</checksum>
    		<datadir zip="true">https://raw.githubusercontent.com/TakeOne-Team/REPO-TakeOne/main/geral</datadir>
			<hashes>false</hashes>
		</dir>
  		<dir minversion="19.0.0" maxversion="21.0.0">
			<info compressed="false">https://raw.githubusercontent.com/TakeOne-Team/REPO-TakeOne/main/matrix/addons.xml</info>
			<checksum>https://raw.githubusercontent.com/TakeOne-Team/REPO-TakeOne/main/matrix/addons.xml.md5</checksum>
			<datadir zip="true">https://raw.githubusercontent.com/TakeOne-Team/REPO-TakeOne/main/matrix</datadir>
			<hashes>false</hashes>
    	</dir>
  		
	</extension>
	<extension point="xbmc.addon.metadata">
		<summary lang="en">TakeOne REPO</summary>
		<description lang="en">.</description>
		<platform>all</platform>
		<assets>
			<icon>icon.png</icon>
			<fanart>fanart.jpg</fanart>
		</assets>
	</extension>
</addon>